,,,
,,,
CAT No.,ITEM NAME,MRP,
,COCKS,,
RE 5101,Pillar Cock,6435,
RE 5102,Pillar Cock With '300mm' Extended Body,10225,
RE 5103,Bib Cock With Wall Flange,5455,
RE 5104,Bib Cock Long Nose With Wall Flange,5935,
RE 5105,Angle Cock With Wall Flange,4630,
RE 5106,Concealed Stop Cock With Adjustable Sheet Wall Flange 15mm,5960,
RE 5107,Concealed Stop Cock With Adjustable Sheet Wall Flange 15mm Heavy,6525,
RE 5108,Concealed Stop Cock With Adjustable Sheet Wall Flange 20mm,6245,
RE 5109,Concealed Stop Cock With Adjustable Sheet Wall Flange 20mm Heavy,6805,
RE 5110,Swan Neck With Casted Swivel Spout,11265,
RE 5111,Sink Cock With Casted Swivel Spout & Wall Flange,11265,
RE 5113,2-Way Bib Cock With Wall Flange,8485,
RE 5114,2-Way Angle Cock With Wall Flange,8485,
,MIXERS,,
RE 5118,Central Hole Basin Mixer With Connecting Legs,17040,
RE 5118A,Central Hole Basin Mixer With Braided Hose Set,17600,
RE 5119,Wall Mixer With L-Bend For Overhead Shower System,22820,
RE 5120,Wall Mixer With Arrangement For Telephonic Shower,22955,
RE 5121,Wall Mixer With Tipton For Telephonic Shower System,21835,
RE 5122,Wall Mixer Non Telephonic Shower System,19340,
RE 5123,Wall Mixer 3 in 1 With Arrangement For Both Telephonic Shower & Overhead Shower System,26070,
RE 5124,Sink Mixer Wall Mounted With Casted Swivel Spout,18360,
,SPOUTS,,
RE 5128,Spout Plain With Wall Flange 15 mm,5735,
RE 5129,Spout Tipton With Wall Flange & Provision For Telephonic Shower,7620,
,SINGLE LEVER FITTING,,
RE 5141,Single Lever Basin Mixer With Extended Body,23545,
RE 5142,Single Lever Basin Mixer With 450 mm Long Braided Hoses,19815,
RE 5143,Single Lever Concealed Divertor for Spout & Over Head Shower System Hi-Flow,21490,
RE 5143A,Single Lever Concealed Divertor Exposed  parts (Suitable for AL 343),8235,
RE 5146D,Single Lever Sink/Basin Mixer High Neck,17545,
RE 5147,Single  Lever Basin Mixer Wall Mounted,23770,
RE 5147A,Single Lever Basin Mixer Wall Mounted Exposed  parts (Suitable for AL 347),12550,
RE 5149,3 inlet Single Lever Concealed Divertor For Spout & Over Head Shower System Hi-Flow,22525,
RE 5149A,3 Inlet Single Lever Concealed Divertor Exposed Parts (Suitable for AL 349),8235,
RE 5150,Single Lever Sink Mixer Wall Mounted High Neck,19030,
EUREKA,,,
CAT No.,ITEM NAME,MRP,
,COCKS,,
EU 4501,Pillar Cock,5595,
EU 4502,Pillar Cock With '300mm' Extended Body,9520,
EU 4503,Bib Cock With Wall Flange,5315,
EU 4504,Bib Cock Long Nose With Wall Flange,5595,
EU 4505,Angle Cock With Wall Flange,4470,
EU 4506,Concealed Stop Cock With Adjustable Sheet Wall Flange 15mm,5875,
EU 4507,Concealed Stop Cock With Adjustable Sheet Wall Flange 15mm Heavy,6435,
EU 4508,Concealed Stop Cock With Adjustable Sheet Wall Flange 20mm,6155,
EU 4509,Concealed Stop Cock With Adjustable Sheet Wall Flange 20mm Heavy,6715,
EU 4510,Swan Neck With Casted Swivel Spout,11545,
EU 4511,Sink Cock With Casted Swivel Spout & Wall Flange,11545,
EU 4513,2-Way Bib Cock With Wall Flange,8960,
EU 4514,2-Way Angle Cock With Wall Flange,8960,
EU 4515,Bath Cock With Wall Flange,8905,
,MIXERS,,
EU 4518,Central Hole Basin Mixer With Connecting Legs,15030,
EU 4518A,Central Hole Basin Mixer With Braided Hose Set,15540,
8295,Wall Mixer With L-Bend For Overhead Shower System,23155,
EU 4520,Wall Mixer With Arrangement For Telephonic Shower,23265,
EU 4521,Wall Mixer With Tipton For Telephonic Shower System,22510,
EU 4522,Wall Mixer Non Telephonic Shower System,19815,
EU 4523,Wall Mixer 3 in 1 With Arrangement For Both Telephonic Shower & Overhead Shower System,26465,
EU 4524,Sink Mixer Wall Mounted With Casted Swivel Spout,18360,
,SPOUTS,,
EU 4528,Spout Plain With Wall Flange 15 mm,5095,
EU 4529,Spout Tipton With Wall Flange & Provision For Telephonic Shower,7555,
,SHOWERS,,
EU 4532,Shower Arm With Wall Flange,3300,
EU 4533,Overhead Shower (Hex),2995,
EU 4534,Telephonic Shower With 1.5 mtr.CP Tube & Hook,5085,
,SINGLE LEVER FITTING,,
EU 4541,Single Lever Basin Mixer With Extended Body,19545,
EU 4542,Single Lever Basin Mixer With 450 mm Long Braided Hoses,14980,
EU 4543,Single Lever Concealed Divertor for Spout & Over Head Shower System Hi-Flow,21490,
EU 4543A,Single Lever Concealed Divertor Exposed  parts (Suitable for AL 343),8235,
EU 4544,Single Lever Wall Mixer With Telephonic Shower Arrangement,23155,
EU 4545,Single Lever Wall Mixer W/O Telephonic Shower Arrangement,21500,
EU 4546,Single Lever Sink Mixer With Swinging Spout,16540,
EU 4546A,Single Lever Sink Mixer Table Mounted,13565,
EU 4547,Single  Lever Basin Mixer Wall Mounted,23130,
EU 4547A,Single Lever Basin Mixer Wall Mounted Exposed  parts (Suitable for AL 347),11910,
EU 4549,3 inlet Single Lever Concealed Divertor For Spout & Over Head Shower System Hi-Flow,22525,
EU 4549A,3 Inlet Single Lever Concealed Divertor Exposed Parts (Suitable for AL 349),8235,
EU 4550,Single Lever Sink Mixture Wall Mounted High Neck,19060,
ION SUPER,,,
CAT No.,ITEM NAME,MRP,
,COCKS,,
INS 2601,Pillar Cock,5510,
INS 2604,Bib Cock Long Nose With Wall Flange,5595,
INS 2604B,Bib Cock Long Nose 25mm,7275,
INS 2604S,Bib Cock Long Nose Straight Line With Wall Flange,6070,
INS 2605,Angle Cock With Wall Flange,4470,
INS 2607,Concealed Stop Cock With Adjustable Sheet Wall Flange 15mm Heavy,6435,
INS 2609,Concealed Stop Cock With Adjustable Sheet Wall Flange 20mm Heavy,6715,
INS 2610,Swan Neck With Round Swivel Spout,7900,
INS 2611,Sink Cock With Round Swivel Spout & Wall Flange,7900,
INS 2613,2-Way Bib Cock With Wall Flange,7555,
INS 2614,2-Way Angle Cock With Wall Flange,7555,
INS 2615,Bath Cock With Wall Flange,8260,
,MIXERS,,
INS 2618,Central Hole Basin Mixer With Connecting Legs,13815,
INS 2618A,Central Hole Basin Mixer With Braided Hose Set,14375,
INS 2619,Wall Mixer With L-Bend For Overhead Shower System,21580,
INS 2620,Wall Mixer With Arrangement For Telephonic Shower,21725,
INS 2621,Wall Mixer With Tipton For Telephonic Shower System,20435,
INS 2622,Wall Mixer Non Telephonic Shower System,17655,
INS 2623,Wall Mixer 3 in 1 With Arrangement For Both Telephonic Shower & Overhead Shower System,25230,
INS 2624,Sink Mixer Wall Mounted With Round Swivel Spout,15690,
,SPOUTS,,
INS 2628,Spout Plain With Wall Flange,5565,
INS 2629,Spout Tipton With Wall Flange & Provision For Telephonic Shower,7755,
,SHOWERS,,
INS 2632,Shower Arm With Wall Flange,2790,
INS 2633,Over Head Shower (Piston),1925,
INS 2634,Telephonic Shower With 1.5 mtr.CP Tube & Hook,4065,
,SINGLE LEVER FITTING,,
INS 2641,Single Lever Basin Mixer With Extended Body,16050,
INS 2642,Single Lever Basin Mixer With 450 mm Long Braided Hoses,12735,
INS  2643,Single Lever Concealed Divertor for Spout & Over Head Shower System Hi-Flow,20060,
INS 2643A,Single Lever Concealed Divertor Exposed  parts (Suitable for AL 343),6805,
INS 2647,Single  Lever Basin Mixer Wall Mounted,23170,
INS 2647A,Single Lever Basin Mixer Wall Mounted Exposed  parts (Suitable for AL 347),11965,
INS 2649,3 inlet Single Lever Concealed Divertor For Spout & Over Head Shower System Hi-Flow,21095,
INS 2649A,3 Inlet Single Lever Concealed Divertor Exposed Parts (Suitable for AL 349),6805,
ION REGULAR,,,
CAT No.,ITEM NAME,MRP,
,COCKS & MIXERS,,
INR 2401,Pillar Cock,5005,
INR 2402,Pillar Cock With '300mm' Extended Body,8765,
INR 2403,Bib Cock,4615,
INR 2404,Bib Cock Long Nose,4815,
INR 2405,Angle Cock,4280,
INR 2406,Concealed Stop Cock With Adjustable Sheet Wall Flange 15mm,5595,
INR 2407,Concealed Stop Cock With Adjustable Sheet Wall Flange 15mm Heavy,6155,
INR 2408,Concealed Stop Cock With Adjustable Sheet Wall Flange 20mm,5875,
INR 2409,Concealed Stop Cock With Adjustable Sheet Wall Flange 20mm Heavy,6435,
INR 2410,Swan Neck With Round Swivel Spout,7500,
INR 2411,Sink Cock With Round Swivel Spout,7335,
INR 2413,2-Way Bib Cock,7555,
INR 2414,2-Way Angle Cock,7335,
INR 2418,Central Hole Basin Mixer With Connecting Legs,12320,
INR 2418A,Central Hole Basin Mixer With Braided Hose Set,12735,
INR 2419,Wall Mixer With L-Bend For Overhead Shower System,19175,
INR 2420,Wall Mixer With Arrangement For Telephonic Shower,19310,
INR 2422,Wall Mixer Non Telephonic Shower System,15410,
INR 2423,Wall Mixer 3 in 1 With Arrangement For Both Telephonic Shower & Overhead Shower System,23915,
INR 2424,Sink Mixer Wall Mounted With Round Swivel Spout,14995,
,"SPOUTS, SHOWERS & SINGLE LEVER",,
INR 2428,Spout Plain,4000,
INR 2429,Spout Tipton With Provision For Telephonic Shower,6995,
INR 2432,Shower Arm,2665,
INR 2433,Over Head Shower (Piston),1925,
INR 2434,Telephonic Shower With 1.5 mtr. CP Tube & Hook,3635,
INR 2441,Single Lever Basin Mixer With Extended Body,16050,
INR 2442,Single Lever Basin Mixer With 450 mm Long Braided Hoses(New),12735,
INR 2443,Single Lever Concealed Divertor for Spout & Over Head Shower System Hi-Flow,20060,
INR 2443A,Single Lever Concealed Divertor Exposed  parts (Suitable for AL 343),6805,
INR 2446A,Single Lever Sink Mixer Table Mounted,13565,
INR 2446B,Single Lever Sink/Basin Mixer With J Type Spout,14010,
INR 2446C,Single Lever Sink/Basin Mixer With Spring  Type Spout,46000,
INR 2446D,Single Lever Sink/Basin Mixer High Neck,15110,
INR 2447,Single  Lever Basin Mixer Wall Mounted,20840,
INR 2447A,Single Lever Basin Mixer Wall Mounted Exposed  parts (Suitable for AL 347),9800,
INR 2448,Single Lever Concealed Deusch Mixer with Provision for Connection to Overhead Shower only,11555,
INR 2449,3 inlet Single Lever Concealed Divertor For Spout & Over Head Shower System Hi-Flow,21095,
INR 2449A,3 Inlet Single Lever Concealed Divertor Exposed Parts (Suitable for AL 349),6805,
INR 2450,Single Lever Sink Mixer Wall Mounted High Neck,16305,
BLISS,,,
CAT No.,ITEM NAME,MRP,
,COCKS,,
BL 1001,Pillar Cock,4950,
BL 1003,Bib Cock With Wall Flange,4445,
BL 1003A,Bib Cock With Nozzle & Wall Flange,3605,
BL 1004,Bib Cock Long Nose With Wall Flange,4750,
BL 1004A,Bib Cock Long Body With Wall Flange,4655,
BL 1005,Angle Cock With Wall Flange,3440,
BL 1006,Concealed Stop Cock With Adjustable Sheet Wall Flange '15mm',5595,
BL 1008,Concealed Stop Cock With Adjustable Sheet Wall Flange '20mm',5875,
BL 1010,Swan Neck With Casted Swivel Spout,8035,
BL 1011,Sink Cock With Casted Swivel Spout & Wall Flange,8035,
BL 1013,2-Way Bib Cock With Wall Flange,7275,
BL 1014,2-Way Angle Cock With Wall Flange,7275,
BL 1015,Bath Cock With Wall Flange,8250,
,MIXERS,,
BL 1018,Central Hole Basin Mixer With Connecting Legs,13000,
BL 1018A,Central Hole Basin Mixer With Braided Hose Set,13565,
BL 1019,Wall Mixer With L-Bend For Overhead Shower System,18305,
BL 1020,Wall Mixer With Arrangement For Telephonic Shower,18440,
BL 1021,Wall Mixer With Tipton For Telephonic Shower System,17655,
BL 1022,Wall Mixer Non Telephonic Shower System,14095,
BL 1023,Wall Mixer 3 in 1 With Arrangement For Both Telephonic Shower & Overhead Shower System,21580,
BL 1024,Sink Mixer Wall Mounted With Casted Swivel Spout,14010,
,SPOUTS,,
BL 1028,Spout Plain With Wall Flange '15mm',3910,
BL 1029,Spout Tipton With Wall Flange & Provision For Telephonic Shower,6300,
,SHOWERS,,
BL 1032,Shower Arm With Wall Flange,2930,
BL 1033,Over Head Shower (Regular),2290,
BL 1034,Telephonic Shower With 1.5 mtr.CP Tube & Hook,4080,
SOL/HELIOS,,,
CAT NO.,ITEM NAME,MRP,
,COCKS,,
SL 8601,Pillar Cock,4165,
SL 8601B,Pillar Cock B (Long),6125,
SL 8602,Pillar Cock With '300mm' Extended Body,8400,
SL 8603,Bib Cock,4980,
SL 8604,Bib Cock Long Nose,5315,
SL 8605,Angle Cock,3440,
SL 8606,Concealed Stop Cock With Adjustable Sheet Wall Flange '15mm',5595,
SL 8607,Concealed Stop Cock With Adjustable Sheet Wall Flange '15mm' Heavy,6155,
SL 8608,Concealed Stop Cock With Adjustable Sheet Wall Flange '20mm',6155,
SL 8609,Concealed Stop Cock With Adjustable Sheet Wall Flange '20mm' Heavy,6715,
SL 8610,Swan Neck With Round Swivel Spout,6995,
SL 8611,Sink Cock With Round Swivel Spout,6995,
SL 8613,2-Way Bib Cock,6435,
SL 8614,2-Way Angle Cock,6435,
,MIXERS,,
SL 8618,Central Hole Basin Mixer With Connecting Legs,12765,
SL 8618A,Central Hole Basin Mixer With Braided Hose Set,12990,
SL 8619,Wall Mixer With L-Bend For Overhead Shower System,17660,
SL 8620,Wall Mixer With Arrangement For Telephonic Shower,17800,
SL 8621,Wall Mixer Tipton for Telephonic Shower System,17095,
SL 8622,Wall Mixer Non Telephonic Shower System,14850,
SL 8623,Wall Mixer 3 in 1 With Arrangement For Both Telephonic Shower & Overhead Shower System,20740,
SL 8624,Sink Mixer Wall Mounted With Round Swivel Spout,14095,
,SPOUTS,,
SL 8628,Spout Plain '15mm',5485,
SL 8629,Spout Tipton With Provision For Telephonic Shower,7275,
,SINGLE LEVER FITTING,,
SL 8641,Single Lever Basin Mixer With Extended Body,16050,
SL 8642,Single Lever Basin Mixer With 450 mm Long Braided Hoses,12990,
SL 8643,Single Lever Concealed Divertor for Spout & Over Head Shower System Hi-Flow,20295,
SL 8643A,Single Lever Concealed Divertor Exposed Parts (Suitable for AL 343),7040,
SL 8646D,Single Lever Sink/Basin Mixture Table Mounted High Neck,15110,
SL 8647,Single Lever Basin Mixer Wall Mounted,22975,
SL 8647A,Single Lever Basin Mixer Wall Mounted Exposed  parts (Suitable for AL 347),11765,
SL 8648,Single Lever Deusch Mixer ,11555,
SL 8649,3 inlet Single Lever Concealed Divertor For Spout & Over Head Shower System Hi-Flow,21335,
SL 8649A,3 Inlet Single Lever Concealed Divertor Exposed Parts (Suitable for AL 349),7040,
SL 8650,Single Lever Sink Mixer Wall Mounted High Neck,16305,
SL 8663,"Single Lever Conc.Divetor for Spout & Shower System Hi-Flow 3/4""",23660,
SL 8669,"3 Inlet Single Lever Conc.Divertor for Spout & Shower System Hi-Flow 3/4""",24700,
VESTA,,,
CAT No.,ITEM NAME,MRP,
,COCKS,,
VS 7701,Pillar Cock,4560,
VS 7701B,Pillar Cock,6995,
VS 7702,Pillar Cock With '300mm' Extended Body,8595,
VS 7703,Bib Cock,3910,
VS 7704,Bib Cock Long Nose,4250,
VS 7705,Angle Cock,3295,
VS 7706,Concealed Stop Cock With Adjustable Sheet Wall Flange 15mm,5035,
VS 7708,Concealed Stop Cock With Adjustable Sheet Wall Flange 20mm,5400,
VS 7710,Swan Neck With Round Swivel Spout,6940,
VS 7711,Sink Cock With Round Swivel Spout,6940,
VS 7713,2-Way Bib Cock,6300,
VS 7714,2-Way Angle Cock,6300,
,MIXERS,,
VS 7718,Central Hole Basin Mixer With Connecting Legs,12215,
VS 7718A,Central Hole Basin Mixer With Braided Hose Set,12775,
VS 7719,Wall Mixer With L-Bend For Overhead Shower System,16255,
VS 7720,Wall Mixer With Arrangement For Telephonic Shower,16395,
VS 7722,Wall Mixer Non Telephonic Shower System,13450,
VS 7723,Wall Mixer 3 in 1 With Arrangement For Both Telephonic Shower & Overhead Shower System,19425,
VS 7724,Sink Mixer Wall Mounted With Round Swivel Spout,13730,
,SPOUTS,,
VS 7728,Spout Plain With Wall Flange,5315,
VS 7729,Spout Tipton With Wall Flange & Provision For Telephonic Shower,7420,
,SINGLE LEVER FITTING,,
VS 7741,"Single Lever Basin Mixer With Ext, Body",20385,
VS 7742,Single Lever Basin Mixer With 450 mm long Braided Hoses,16815,
VS 7743,Single Lever Concealed Divertor for Spout & Over Head Shower System Hi-Flow,20620,
VS 7743A,Single Lever Concealed Divertor Exposed  parts (Suitable for AL 343),7365,
VS 7749,3 inlet Single Lever Concealed Divertor For Spout & Over Head Shower System Hi-Flow,23985,
VS 7749A,3 Inlet Single Lever Concealed Divertor Exposed Parts (Suitable for AL 349),7365,
VS 7763,"Single Lever Conc.Divetor for Spout & Shower System Hi-Flow 3/4""",23660,
VS 7769,"3 Inlet Single Lever Conc.Divertor for Spout & Shower System Hi-Flow 3/4""",24700,
NIKE,,,
CAT NO.,ITEM NAME,MRP,
,COCKS,,
NK 7501,Pillar Cock,4055,
NK 7501B,Pillar Cock B (Long),6125,
NK 7502,Pillar Cock With '300mm' Extended Body,8400,
NK 7503,Bib Cock,3800,
NK 7504,Bib Cock Long Nose,3970,
NK 7505,Angle Cock,3070,
NK 7506,Concealed Stop Cock With Adjustable Sheet Wall Flange '15mm',4560,
NK 7508,Concealed Stop Cock With Adjustable Sheet Wall Flange '20mm',5120,
NK 7510,Swan Neck With Round Swivel Spout,6775,
NK 7511,Sink Cock With Round Swivel Spout,6775,
NK 7513,2-Way Bib Cock,6100,
NK 7514,2-Way Angle Cock,6100,
,MIXERS,,
NK 7518,Central Hole Basin Mixer With Connecting Legs,10870,
NK 7518A,Central Hole Basin Mixer With Braided Hose Set,11430,
NK 7519,Wall Mixer With L-Bend For Overhead Shower System,15835,
NK 7520,Wall Mixer With Arrangement For Telephonic Shower,15970,
NK 7521,Wall Mixer With Tipton For Telephonic Shower System,15275,
NK 7522,Wall Mixer Non Telephonic Shower System,13085,
NK 7523,Wall Mixer 3 in 1 With Arrangement For Both Telephonic Shower & Overhead Shower System,19060,
NK 7524,Sink Mixer Wall Mounted With Round Swivel Spout,12135,
,SPOUTS,,
NK 7528,Spout Plain '15mm',4585,
NK 7529,Spout Tipton With Provision For Telephonic Shower,6775,
,SINGLE LEVER FITTING,,
NK 7541,Single Lever Basin Mixer With Extended Body,14265,
NK 7542,Single Lever Basin Mixer With 450 mm Long Braided Hoses,11285,
NK 7543,Single Lever Concealed Divertor for Spout & Over Head Shower System Hi-Flow,20250,
NK 7543A,Single Lever Concealed Divertor Exposed Parts (Suitable for AL 343),6995,
NK 7546B,Single Lever Sink/Basin Mixer With J Type Spout,14010,
NK 7546D,Single Lever Sink/Basin Mixer High Neck,15110,
NK 7547,Single Lever Basin Mixer Wall Mounted,21515,
NK 7547A,Single Lever Basin Mixer Wall Mounted Exposed  parts (Suitable for AL 347),10305,
NK 7549,3 inlet Single Lever Concealed Divertor For Spout & Over Head Shower System Hi-Flow,21290,
NK 7549A,3 Inlet Single Lever Concealed Divertor Exposed Parts (Suitable for AL 349),6995,
NK 7550,Single Lever Sink Mixer Wall Mounted High Neck,16305,
NK 7563,"Single Lever Conc.Divetor for Spout & Shower System Hi-Flow 3/4""",23660,
NK 7569,"3 Inlet Single Lever Conc.Divertor for Spout & Shower System Hi-Flow 3/4""",24700,
ZEUS,,,
CAT No.,ITEM NAME,MRP,
,COCKS,,
ZE 501,Pillar Cock,3970,
ZE 503,Bib Cock,3630,
ZE 503A,Bib Cock With Nozzle,3185,
ZE 504,Bib Cock Long Nose,3910,
ZE 504A,Bib Cock Long Body,3910,
ZE 505,Angle Cock,2930,
ZE 506,Concealed Stop Cock With Adjustable Sheet Wall Flange '15mm',4560,
ZE 508,Concealed Stop Cock With Adjustable Sheet Wall Flange '20mm',5120,
ZE 510,Swan Neck With Casted Swivel Spout,6915,
ZE 511,Sink Cock With Casted Swivel Spout,6915,
ZE 513,2-Way Bib Cock,6525,
ZE 514,2-Way Angle Cock,6525,
ZE,Wall Flange (Optional),170,
,MIXERS,,
ZE 518,Central Hole Basin Mixer With Connecting Legs,10590,
ZE 518A,Central Hole Basin Mixer With Braided Hose Set,11150,
ZE 519,Wall Mixer With L-Bend For Overhead Shower System,15410,
ZE 520,Wall Mixer With Arrangement For Telephonic Shower,15555,
ZE 521,Wall Mixer With Tipton For Telephonic Shower System,14965,
ZE 522,Wall Mixer Non Telephonic Shower System,13340,
ZE 523,Wall Mixer 3 in 1 With Arrangement For Both Telephonic Shower & Overhead Shower System,19060,
ZE 524,Sink Mixer Wall Mounted With Casted Swivel Spout,12325,
,SPOUTS,,
ZE 528,Spout Plain '15mm',3350,
ZE 529,Spout Tipton With Provision For Telephonic Shower,5595,
,SHOWERS,,
ZE 532,Shower Arm,2790,
ZE 533,Over Head Shower,2090,
ZE 534,Telephonic Shower With 1.5 mtr.CP Tube & Hook,3520,
,,,
,,,
,,,
,,,
,,,
,,,
,,,
,,,
,,,
,,,
,,,
,,,
,,,
,,,
,,,
VENUS,,,
CAT NO.,ITEM NAME,MRP,
,COCKS,,
VN 7401,Pillar Cock,3855,
VN 7401B,Pillar Cock B (Long),6125,
VN 7402,Pillar Cock With '300mm' Extended Body,8400,
VN 7403,Bib Cock,3320,
VN 7404,Bib Cock Long Nose,3605,
VN 7405,Angle Cock,2850,
VN 7406,Concealed Stop Cock With Adjustable Sheet Wall Flange '15mm',4335,
VN 7408,Concealed Stop Cock With Adjustable Sheet Wall Flange '20mm',5035,
VN 7410,Swan Neck With Round Swivel Spout,5875,
VN 7411,Sink Cock With Round Swivel Spout,5875,
VN 7413,2-Way Bib Cock,5935,
VN 7414,2-Way Angle Cock,5935,
,MIXERS,,
VN 7418,Central Hole Basin Mixer With Connecting Legs,9800,
VN 7418A,Central Hole Basin Mixer With Braided Hose Set,10645,
VN 7419,Wall Mixer With L-Bend For Overhead Shower System,14010,
VN 7420,Wall Mixer With Arrangement For Telephonic Shower,14430,
VN 7421,Wall Mixer Tipton For Telephonic Shower System,13730,
VN 7422,Wall Mixer Non Telephonic Shower System,11485,
VN 7423,Wall Mixer 3 in 1 With Arrangement For Both Telephonic Shower & Overhead Shower System,17935,
VN 7424,Sink Mixer Wall Mounted With Round Swivel Spout,11655,
,SPOUTS,,
VN 7428,Spout Plain '15mm',4000,
VN 7429,Spout Tipton,6635,
,SINGLE LEVER FITTING,,
VN 7441,Single Lever Basin Mixer With Extended Body,13245,
VN 7442,Single Lever Basin Mixer With 450 mm Long Braided Hoses,10265,
VN 7443,Single Lever Concealed Divertor for Spout & Over Head Shower System Hi-Flow,20060,
VN 7443A,Single Lever Concealed Divertor Exposed Parts (Suitable for AL 343),6805,
VN 7447,Single Lever Basin Mixer Wall Mounted,21490,
VN 7447A,Single Lever Basin Mixer Wall Mounted Exposed  parts (Suitable for AL 347),10280,
VN 7449,3 inlet Single Lever Concealed Divertor For Spout & Over Head Shower System Hi-Flow,21095,
VN 7449A,3 Inlet Single Lever Concealed Divertor Exposed Parts (Suitable for AL 349),6805,
VN 7463,"Single Lever Conc.Divetor for Spout & Shower System Hi-Flow 3/4""",23660,
VN 7469,"3 Inlet Single Lever Conc.Divertor for Spout & Shower System Hi-Flow 3/4""",24700,
,,,
,,,
,,,
,,,
HADES,,,
CAT No.,ITEM NAME,MRP,
,COCKS,,
HD 301,Pillar Cock,3440,
HD 303,Bib Cock,2930,
HD 304,Bib Cock Long Nose,3070,
HD 305,Angle Cock,2425,
HD 306,Concealed Stop Cock With Adjustable Sheet Wall Flange '15mm',4190,
HD 308,Concealed Stop Cock With Adjustable Sheet Wall Flange '20mm',4840,
HD 310,Swan Neck With Round Swivel Spout,5085,
HD 311,Sink Cock With Round Swivel Spout,5085,
HD 313,2-Way Bib Cock,5265,
HD 314,2-Way Angle Cock,5265,
,MIXERS,,
HD 318,Central Hole Basin Mixer With Connecting Legs,9610,
HD 318A,Central Hole Basin Mixer With Braided Hose Set,9755,
HD 319,Wall Mixer With L-Bend For Overhead Shower System,11800,
HD 320,Wall Mixer With Arrangement For Telephonic Shower,12345,
HD 322,Wall Mixer Non Telephonic Shower System,11290,
HD 323,Wall Mixer 3 in 1 With Arrangement For Both Telephonic Shower & Overhead Shower System,15513,
HD 324,Sink Mixer Wall Mounted With Round Swivel Spout,9840,
,SINGLE LEVER FITTING,,
HD 341,Single Lever Basin Mixer With Extended Body,11920,
HD 342,Single Lever Basin Mixer With 450 mm Long Braided Hoses,9755,
HD 342H,Single Lever Basin Mixer With 450 mm Long Braided Hoses,9755,
HD 343,Single Lever Concealed Divertor for Spout & Over Head Shower System Hi-Flow,18795,
HD 343A,Single Lever Concealed Divertor Exposed Parts (Suitable for AL 343),5540,
HD 346D,Single Lever Sink/Basin Mixture Table Mounted High Neck,15110,
HD 347,Single Lever Basin Mixer Wall Mounted,21210,
HD 347A,Single Lever Basin Mixer Wall Mounted Exposed  parts (Suitable for AL 347),10000,
HD 349,3 inlet Single Lever Concealed Divertor For Spout & Over Head Shower System Hi-Flow,19835,
HD 349A,3 Inlet Single Lever Concealed Divertor Exposed Parts (Suitable for AL 349),5540,
HD 350,Single Lever Sink Mixer Wall Mounted High Neck,16305,
HD 363,"Single Lever Conc.Divetor for Spout & Shower System Hi-Flow 3/4""",23660,
HD 369,"3 Inlet Single Lever Conc.Divertor for Spout & Shower System Hi-Flow 3/4""",24700,
MISC. SINGLE LEVER &  ALLIEDES,,,
CAT No.,ITEM NAME,MRP,
CRONOUS,,,
CR 7036,Kitchen Filter Faucet,20325,
CR 7037,Dual Lever RO Filter Faucet,15690,
CR 7042,Single Lever Basin Mixer,26160,
CR 7042 M,Single Lever Basin Mixer With Medium Long Spout,10250,
CR 7046B,Single Lever Sink/Basin Mixer Table Mounted With Swan Type Neck,26410,
CR 7046PR,Single Lever Sink Mixer Table Mounted With Pull Out Spout(Round),21020,
CR 7046PS,Single Lever Sink Mixer Table Mounted With Pull Out Spout(Square),21020,
CR 7046PW,Single Lever Sink Mixer Table Mounted With Pull Out Spout Water Fall,21020,
EKO 146P,Single Lever Sink/Basin Mixer Table Mounted With Pull Out Spout ,14290,
DIANA,,,
DN 9141,Single Lever Basin Mixture Extended Body,11770,
DN 9142,Single Lever Basin Mixture ,8735,
ATHENA,,,
AT 941,Single Lever Basin Mixture Extended Body,15465,
AT 942,Single Lever Basin Mixture ,11515,
PRISM,,,
PR 8041 C ,Single Lever Basin Mixture Extended Body,13400,
PR 8042 C,Single Lever Basin Mixture ,10315,
EKO SINGLE LEVER,,,
EKO 141 N ,Single Lever Basin Mixture Ext Body,10645,
EKO 142,Single Lever Basin Mixer with 450 mm Long Braided Hoses,10265,
EKO 142 N,Single Lever Basin Mixture ,8860,
EKO 143,Single Lever Concealed Divertor With 35 mm Cartridge For Spout & Overhead Shower System,13300,
EKO 143A,Single Lever Concealed Divertor Exposed  parts (Suitable for AL 343 A ),4145,
EKO 146,Single Lever Sink Mixer Wall Mounted With Swinging Spout,14240,
EKO 146 A,Single Lever Sink Mixer Table Mounted With Base Emerging Spout,12330,
EKO 146 P,Single Lever Sink Mixer Table Mounted With Pull Out Spout,13680,
EKO 147,Single Lever Basin Mixer Wall Mounted,19620,
EKO 147A,Single Lever Basin Mixer Wall Mounted Exposed  parts (Suitable for AL 347),9420,
ALLIED,,,
AL 306,Concealed Stop Cock Body 15 mm(Light),2875,
AL 305,Concealed Stop Cock Body 15 mm(Regular),3295,
AL 307,Concealed Stop Cock Body 15 mm (Heavy),4190,
AL 308,Concealed Stop Cock Body 20 mm,3520,
AL 309,Concealed Stop Cock Body 20 mm (Heavy),4360,
AL 343,Concealed Body For Single Lever Hi-Flow Divertor With Button Assembly & Cartridge but Without Exposed Part,12900,
AL 343A,"Concealed Body For Single Lever Divertor, 35 mm Cartridge With Button Assembly but Without Exposed Part",9115,
AL 347,Concealed Body For Single Lever Basin Mixer With Cartridge but Without Exposed Part,11200,
AL 349,Concealed Body For 3 inlet Single Lever Hi-Flow Divertor With Button Assembly & Cartridge but Without Exposed Part,12990,
AL 363,Concealed Body For Single Lever Hi-Flow Divertor Without Exposed Part 3/4,15110,
AL 369,Concealed Body For 3 inlet Divertor Without Exposed Part,16050,
MISC & WASTE COUPLING,,,
CAT No.,ITEM NAME,MRP,
FLUSH COCK & SURGICALS,,,
T 37,Flush Cock Half Turn 25mm,5790,
T 38,Flush Cock Push Button 25mm,8035,
T 39,Flush Cock Lever Tpe 25mm,8035,
T 40,Metropole Flush Valve 32mm,15410,
T 51,Surgical Pillar Cock,7085,
T 54,Surgical Long Nose Bib Cock,6995,
T 57,Surgical Single Lever Mixture Wall Mounted,16145,
PRESSMATIC,,,
T 61,Pressmatic Auto Closing Pillar Cock,7195,
T 63,Pressmatic Auto Closing Bib Cock,7055,
T 65,Pressmatic Auto Closing Angle Cock,6270,
WASTE COUPLING,,,
T 96,Waste Coupling (POP UP) Chrome,1445,
T 96 L,Waste Coupling (POP UP) Chrome Long,2035,
T 96 EL,Waste Coupling (POP UP) Chrome Extra Long,2985,
T 96 EEL,"Waste Coupling (POP UP) Chrome extra extra Long 9""",3495,
T 97,Waste Coupling (POP UP) Chrome Ceramic,1585,
T 97 L,Waste Coupling (POP UP) Chrome Long Ceramic,2345,
T 97 EL,Waste Coupling (POP UP) Chrome Extra Long Ceramic,3295,
T 98,Waste Coupling (POP UP) Chrome (Heavy),2850,
T 98 L,Waste Coupling (POP UP) Brass (Heavy) Long,3410,
T 98 EL,Waste Coupling (POP UP) Brass (Heavy) Extra Long,4750,
T 99,Waste Coupling (POP UP) Brass Ceramic (Heavy),3015,
T 99 L,Waste Coupling (POP UP) Brass Ceramic (Heavy) Long,3495,
T 99 EL,Waste Coupling (POP UP) Brass Ceramic (Heavy) Extra Long,4335,
T 100,Waste Coupling (POP UP) Brass (Med),2230,
T 100 L,Waste Coupling (POP UP) Brass Long (Med),3070,
T 100 BK,Waste Coupling (POP UP) Brass  Black,2595,
T 100 LBK,Waste Coupling (POP UP) Brass Long Black,3440,
T 100 ELBK,Waste Coupling (POP UP) Brass Extra Long Black,4750,
T 100 RG,Waste Coupling (POP UP) Brass Gold/Rose Gold,2735,
T 100 LRG,Waste Coupling (POP UP) Brass Long Gold/Rose Gold,3775,
T 100 ELRG,Waste Coupling (POP UP) Brass Extra Long Gold/Rose Gold,5035,
T 101,Waste Coupling (POP UP) Brass Ceramic ,2510,
T 101 L,Waste Coupling (POP UP) Brass Long Ceramic ,3350,
T 102 HT,Waste Coupling Chrome Half Thread,995,
T 102 FT,Waste Coupling Chrome Full Thread,995,
T 102 L,Waste Coupling Chrome long,1755,
T 102 FLT,Waste Coupling Chrome Flat,995,
T 102 EL,Waste Coupling Chrome Extra Long,2455,
T 103 HT,Waste Coupling Brass Half Thread,2065,
T 103 FT,Waste Coupling Brass Full Thread,2065,
T 103 L,Waste Coupling Brass Long,3130,
T 104SQ,Waste Coupling (POP UP) Square,3690,
BATHÿSETS,,,
CAT No.,ITEM NAME,MRP,
BATH SET MAGNUS,,,
MG 5051,"Towel Rail 24""",5690,
MG 5053,Towel Ring,4085,
MG 5054,Soap Dish,4420,
MG 5055,Tooth Brush Holder,4420,
MG 5056,Robe Hook,2450,
MG 5057,Set Of 5 Pieces,21060,
MG 5058,Toilet Paper Holder,3845,
MG 5058A,Toilet Paper Holder With Flap,4485,
BATH SET OPAL,,,
OP 2051,"Towel Rail 24""",5665,
OP 2053,Towel Ring,3335,
OP 2054,Soap Dish,4580,
OP 2055,Tooth Brush Holder,4580,
OP 2056,Robe Hook,2505,
OP 2057,Set Of 5 Pieces,20660,
OP 2058,Toilet Paper Holder,3385,
OP 2058A,Toilet Paper Holder With Flap,4000,
BATH SET ZEUS,,,
ZE 551,"Towel Rail 24""",5315,
ZE 553,Towel Ring,2720,
ZE 554,Soap Dish,2800,
ZE 555,Tooth Brush Holder,2825,
ZE 556,Robe Hook,1650,
ZE 557,Set Of 5 Pieces,15305,
ZE 558,Toilet Paper Holder,2395,
ZE 558A,Toilet Paper Holder With Flap,3065,
BATH SET UNIVERSAL,,,
T 151,"Towel Rail 24""",3680,
T 153,Towel Ring,2290,
T 154,Soap Dish,1970,
T 155,Tooth Brush Holder,2340,
T 156,Robe Hook,1510,
T 157,Set Of 5 Pieces,11740,
T 158,Toilet Paper Holder,2075,
T 158A,Toilet Paper Holder With Flap,2660,
BATH SET SQUARE,,,
SQ 151,"Towel Rail 24""",2480,
SQ 153,Towel Ring,1860,
SQ 154,Soap Dish,1805,
SQ 155,Tooth Brush Holder,1945,
SQ 156,Robe Hook,1270,
SQ 157,Set Of 5 Pieces,9355,
SQ 157A,Set Of 4 Pieces,8015,
SQ 158A,Toilet Paper Holder With Flap,2480,
BATHÿSET,,,
CAT No.,ITEM NAME,MRP,
BATH SET SS CHROME,,,
C 151,"Towel Rail 24""",2480,
C 153,Towel Ring,1860,
C 154,Soap Dish,1805,
C 155,Tooth Brush Holder,1945,
C 156,Robe Hook,1270,
C 157,Set Of 5 Pieces,9355,
C 157 A,Set Of 4 Pieces,8015,
C 158,Toilet Paper Holder,1860,
C 158 A,Toilet Paper Holder With Flap,2315,
BATH SET SOL,,,
SL 8651,"Towel Rail 24""",5315,
SL 8653,Towel Ring,2930,
SL 8654,Soap Dish,2450,
SL 8655,Tooth Brush Holder,2530,
SL 8656,Robe Hook,0,
SL 8657 A,Set Of 4 Pieces,13225,
SL 8658 A,Toilet Paper Holder With Flap,3550,
SL 8650,Soap Dispensor With Stand,3335,
BATH SET EUREKA,,,
EU 4551,"Towel Rail 24""",4890,
EU 4553,Towel Ring,3525,
EU 4554,Soap Dish,3415,
EU 4555,Tooth Brush Holder,3415,
EU 4556,Robe Hook,1995,
EU 4557 ,Set Of 5 Pieces,16315,
EU 4557A,Set Of 4 Pieces,15355,
EU 4558A,Toilet Paper Holder With Flap,4000,
BATH SET HERITAGE,,,
HR 6051,"Towel Rail 24""",4000,
HR 6053,Towel Ring,2555,
HR 6054,Soap Dish,2610,
HR 6055,Tooth Brush Holder,2290,
HR 6056,Robe Hook,0,
HR 6057A,Set Of 4 Pieces,11500,
BATH SET NIKE,,,
NK 7551,"Towel Rail 24""",3550,
NK 7553,Towel Ring,2450,
NK 7554,Soap Dish,2050,
NK 7555,Tooth Brush Holder,2125,
NK 7556,Robe Hook,0,
NK 7557 A,Set Of 4 Pieces,10105,
NK 7558 A,Toilet Paper Holder With Flap,3195,
NK 7550,Soap Dispensor With Stand,3465,
BATHÿSET ,,,
CAT No.,ITEM NAME,MRP,
BATH SET ATHENA,,,
AT 951,"Towel Rail 24""",5605,
AT 953,Towel Ring,2660,
AT 954,Soap Dish,2635,
AT 955,Tooth Brush Holder,2635,
 AT 956,Robe Hook,0,
AT 957A,Set Of 4 Pieces,13560,
AT 958A,Toilet Paper Holder With Flap,3195,
AT 950,Soap Dispensor With Stand,3600,
BATH SET ARIES,,,
AR 6551,"Towel Rail 24""",3550,
AR 6553,Towel Ring,2395,
AR 6554,Soap Dish,2020,
AR 6555,Tooth Brush Holder,2020,
AR 6556,Robe Hook,0,
AR 6557A,Set Of 4 Pieces,10055,
BATH SET NIKE (BLACK),,,
NK 7551 BK,"Towel Rail 24""Black",4535,
NK 7553 BK,Towel Ring Black,3145,
NK 7554 BK,Soap Dish Black,2660,
NK 7555 BK,Tooth Brush Holder Black,2660,
NK 7556 BK,Robe Hook Black,0,
NK 7557 ABK,Set Of 4 Pieces Black,13015,
NK 7558 ABK,Toilet Paper Holder With Flap Black,4270,
BATH SET NIKE (ANTIQUE),,,
NK 7551,"Towel Rail 24"" Antique/Rose Gold",5340,
NK 7553,Towel Ring Antique/Rose Gold,3680,
NK 7554,Soap Dish Antique/Rose Gold,3065,
NK 7555,Tooth Brush Holder Antique/Rose Gold,3065,
NK 7556,Robe Hook Antique/Rose Gold,0,
NK 7557 A,Set Of 4 Pieces Antique/Rose Gold,15155,
NK 7558 ARG,Toilet Paper Holder With Flap Antique/Rose Gold,4940,
TOWEL RACK ,,,
T 159A,Towel Rack Round,9785,
T 159B,Towel Rack Oval,14095,
T 159C,Towel Rack Square,16645,
SL 8659,Towel Rack Oval New,5875,
C 159,Towel Rack Chrome,7695,
,,,
,,,
,,,
"GRAB BAR, CORNER & TELE. SHOWER ",,,
CAT No.,ITEM NAME,MRP,
GRAB BAR & SOAP DISH ,,,
GB 12,Grab Bar Dome Crome,1900,
GB 22,Grab Bar Round Crome,1900,
GB 32,Grab Bar Round Heavy Brass,3125,
SD 54 A,Soap Dish Round,1900,
SD 54 B,Soap Dish Oval ,1900,
SD 54 C,Soap Dish Square,1900,
SD 55,Soap Dish SL Type,1900,
SD 56,Soap Dish Square Flat,2335,
CORNER AND SHELFS,,,
T 150A,"Corner 9""X9"" Plain",2845,
T 150B,"Corner 12""X12"" Plain",3045,
T 150C,"Shelf 5.5""X14"" Plain",2920,
T 150D,"Shelf 5.5""X18"" Plain",3355,
T 150AF,"Corner 9""X9"" Frosted",3100,
T 150BF,"Corner 12""X12"" Frosted",3300,
T 150CF,"Shelf 5.5""X14"" Plain Frosted",3225,
T 150DF,"Shelf 5.5""X18"" Plain Frosted",3685,
,,,
TELEPHONIC SHOWERS,,,
EU 4534,Telephonic Shower With 1.5 mtr.CP Tube & Hook,4830,
OL 3034,Telephonic Shower With 1.5 mtr.CP Tube & Hook,4550,
INR 2434,Telephonic Shower With 1.5 mtr. CP Tube & Hook,3810,
BL 1034,Telephonic Shower With 1.5 mtr.CP Tube & Hook,3810,
ZE 534,Telephonic Shower With 1.5 mtr.CP Tube & Hook,3300,
RE 5134,Telephonic Shower With 1.5 mtr.CP Tube & Hook Square,5470,
SL 8634,Telephonic Shower With 1.5 mtr.CP Tube & Hook Round,5470,
NK 7534,Telephonic Shower With 1.5 mtr.CP Tube & Hook Leaf,5470,
VN 7434,Telephonic Shower With 1.5 mtr.CP Tube & Hook Leaf Fish,4270,
VS 7734,Telephonic Shower With 1.5 mtr.CP Tube & Hook Leaf Select,4550,
TS 1057/ Hades,Telephonic Shower With 1.5 mtr.CP Tube & Hook Leaf Slim,3300,
TS 1050,Telephonic Shower With 1.5 mtr.CP Tube & Hook Leaf Blister ,3940,
TS 1025,Telephonic Shower With 1.5 mtr.CP Tube & Hook Leaf Square,4195,
TS 1009,Telephonic Shower With 1.5 mtr.CP Tube & Hook Leaf 5 Way,5085,
TS 79,Telephonic Shower With 1.5 mtr.CP Tube & Hook Hexa,3250,
TS 84,Telephonic Shower With 1.5 mtr.CP Tube & Hook Disc,5340,
TS 90,Telephonic Shower With 1.5 mtr.CP Tube & Hook Sieve,5340,
TS 109,Telephonic Shower With 1.5 mtr.CP Tube & Hook Atom,6360,
TS 109L,Telephonic Shower With 1.5 mtr.CP Tube & Hook Atom Hydroelectrical,9040,
TS 230,Telephonic Shower With 1.5 mtr.CP Tube & Hook Euphoria Square,6105,
TS 231,Telephonic Shower With 1.5 mtr.CP Tube & Hook Euphoria Round,6105,
TS 231BK,Telephonic Shower With 1.5 mtr.CP Tube & Hook Euphoria Round Black,7890,
TS 231RG,Telephonic Shower With 1.5 mtr.CP Tube & Hook Euphoria Round Gold/Rose Gold,9165,
,SHOWER WITH ARM,,
ZE 532/33,ZE Shower With Arm ,2625,
BL 1032/33,BL Shower With Arm ,2780,
INR 2432/33,INR Shower With Arm ,2650,
OL 3032/33,OL Shower With Arm ,3380,
EU 4532/33,EU Shower With Arm ,3545,
,,,
SHOWERS,,,
CAT No.,ITEM NAME,MRP,
T 180,"Shower Square 4""X4""  Regular",2870,
T 180A,"Shower Square 4""X4"" Ultra Slim",1720,
T 180B,"Shower Square 4""X4"" Amaze/Drizzle",2180,
T 180C,"Shower Square 4""X4"" Arc Edge",1770,
T 180D,"Shower Square 4""X4"" Choller",2080,
T 180E,"Shower Square 4""X4"" Elegant",2155,
T 181,"Shower Square 6""X6"" Regular",5340,
T 181A,"Shower Square 6""X6"" Ultra Slim",2320,
T 181B,"Shower Square 6""X6"" Amaze/Drizzle",3495,
T 181C,"Shower Square 6""X6"" Arc Edge",4120,
T 181D,"Shower Square 6""X6"" Choller",3100,
T 181E,"Shower Square 6""X6"" Elegant",3495,
T 181EBK,"Shower Square 6""X6"" Elegant Black",7125,
T 181ERG,"Shower Square 6""X6"" Elegant Gold/Rose Gold",7125,
T 181F,"Shower Square 6""X6"" 4 Hole",3530,
T 182,"Shower Square 8""X8"" Regular",0,
T 182A,"Shower Square 8'X8"" Ultra Slim",2820,
T 182B,"Shower Square 8""X8""  Amaze/Drizzle",4885,
T 182C,"Shower Square 8""X8""  Arc Edge",5085,
T 182D,"Shower Square 8""X8""  Choller",4780,
T 182E,"Shower Square 8""X8""  Elegant",4885,
T 182EBK,"Shower Square 8""X8""  Elegant Black",10185,
T 182ERG,"Shower Square 8""X8""  Elegant Rose Gold",10185,
T 182EG,"Shower Square 8""X8""  Elegant Gold",10185,
T 182F,"Shower Square 8""X8""  4 Hole",5010,
T 183A,"Shower Square 10""X10"" Ultra Slim",5725,
T 183B,"Shower Square 10""X10"" Amaze/Drizzle",11155,
T 183D,"Shower Square 10""X10"" Choler",10185,
T 183E,"Shower Square 10""X10"" Elegant",11155,
T 183F,"Shower Square 10""X10"" 4 Hole",11665,
T 184A,"Shower Square 12""X12"" Ultra Slim",6875,
T 184B,"Shower Square 12""X12"" Amaze/Drizzle",13475,
T 184D,"Shower Square 12""X12"" Choller",12025,
T 184E,"Shower Square 12""X12"" Elegant",13475,
T 184EBK,"Shower Square 12""X12"" Elegant Black",25485,
T 184ERG,"Shower Square 12""X12"" Elegant Gold/Rose Gold",25485,
T 184F,"Shower Square 12""X12"" 4 Hole",13580,
T 185B,"Shower Square 16""X16"" Amaze/Drizzle",24775,
T 185E,"Shower Square 16""X16"" Elegant",24860,
SH 1080,"Shower Square 4""X4"" Cozy",1770,
SH 1081,"Shower Square 6""X6"" Cozy",3505,
SH 1082,"Shower Square 8""X8"" Cozy",4885,
SH 2081,"Shower Square 6""X6"" Step",3505,
SH 2082,"Shower Square 8""X8"" Step",4885,
SH 3081,"Shower Square 6""X6"" My",3100,
,,,
,,,
SHOWERS,,,
CAT No.,ITEM NAME,MRP,
T 192,"Shower Round 4"" Regular",2870,
T 192IM,"Shower Round 4"" Regular Economical",1515,
T 192A,"Shower Round 4"" Ultra Slim",1720,
T 192B,"Shower Round 4"" Amaze/Drizzle",2180,
T 192D,"Shower Round 4"" Choller",2080,
T 193,"Shower Round 5"" Regular",3175,
T 193IM,"Shower Round 5"" Regular Economical",2000,
T 193 A,"Shower Dome 5"" Round",2640,
T 193 B,"Shower Dome 5"" Square",2690,
T 194,"Shower Round 6"" Regular",5445,
T 194A,"Shower Round 6"" Ultra Slim",2335,
T 194B ,"Shower Round 6"" Amaze/Drizzle",3505,
T 194D,"Shower Round 6"" Choller",3100,
SH 1094,"Shower Round 6"" My",3100,
T 195,"Shower Round 8"" Regular",0,
T 195A,"Shower Round 8"" Ultra Slim",2790,
T 195B,"Shower Round 8"" Amaze/Drizzle",4885,
 T 195D,"Shower Round 8"" Choller",4780,
T 196B,"Shower Round 10"" Amaze/Drizzle",10185,
T 197B,"Shower Round 12"" Amaze/Drizzle",13475,
T 198,"Shower Oval 5""X8""",3530,
T 198A,"Shower Oval 7""X10""",5725,
T 198B,"Shower Oval 9""X14""",12100,
T 199,"shower Leaf 4""X6""",3275,
T 199A,"Shower Leaf 6""X10""",5700,
T 199B,"Shower Leaf 8""X12""",12735,
SH 79,"Shower 4"" Round Hexa",1260,
SH 80,"Shower 6"" Round Disc",3175,
SH 81,Shower Globe Square,4065,
SH 82,Shower Globe Round,4065,
SH 83,Shower Solar,5085,
SH 84,Shower Disk,6105,
SH 85,"Shower Mesh 10"" (Auto Cleaning)",8400,
SH 89,Shower Pearl,4830,
SH 90,Shower Sieve,5085,
SH 91,Shower Daimond Round,13500,
SH 92,Shower Daimond Rectangular,13500,
SH 93,"Shower Diamond Rectangular 9""X6""",4320,
SH 94,"Shower Rain Dance 8""X14""",15030,
SH 95,"Shower Rain Dance 12""",14265,
SH 96,"Shower Statement 10""X14""",12025,
SH 97,"Shower Euphoria 12""",11105,
SH 97BG,"Shower Euphoria 12"" Brush Gold",17835,
SH 98,"Shower Mist 10""",12990,
SH 99,Shower Filter ,4985,
SH 101,Shower Lamp,44230,
CEILING SHOWERS ,,,
CAT No.,ITEM NAME,MRP,
SH 200,"Rain Shower  8""x 20"" Classic",23395,
SH 201,"Rain Shower 10""x 22"" Waterfall",45885,
SH 204,"Shower 10""x15"" Single Flow",40020,
SH 205,"Shower 12""x12"" Single Flow",40020,
SH 111,"Shower 16""x16"" Single Flow",46395,
SH 111BK,"Shower 16""x16"" Single Flow Black",69730,
SH 111RG,"Shower 16""x16"" Single Flow Rose Gold",69730,
SH 112L,"Shower 16""x16"" Dual Flow Rain & Mist with All Side LED",86430,
SH 212,"Shower 16""x18"" Dual Flow Rain & Mist",67305,
SH 213,"Shower 16""x18"" Triple Flow Rain & Mist with Water Fall",73425,
SH 213L,"Shower 16""x18"" Triple Flow Rain & Mist with Water Fall & LED",79545,
SH,"Shower 20""x20"" Dual Flow Rain & Mist",79545,
SH 312,"Shower 20""x22"" Dual Flow Rain & Mist",79545,
SH 313,"Shower 20""x22"" Triple Flow Rain & Mist with Water Fall",87195,
SH 313L,"Shower 20""x22"" Triple Flow Rain & Mist with Water Fall & LED",94845,
SH 313LBK,"Shower 20""x22"" Triple Flow Rain & Mist with Water Fall & LED Black",142275,
SH 313LRG,"Shower 20""x22"" Triple Flow Rain & Mist with Water Fall & LED Rose Gold",142275,
SH 314L,"Shower 20""x22"" Four Flow Rain & Mist with Water Fall & LED",102495,
SHOWERÿARMS,,,
CAT No.,ITEM NAME,,
T 161,Shower Arm (Fancy) Brass,10160,
T 162,"Shower Arm Square 24"" Brass",9985,
T 163,"Shower Arm Square 18"" Brass",8835,
T 164,"Shower Arm Square 15"" Brass",7380,
T 165,"Shower Arm Square 12"" Brass",6590,
T 166,"Shower Arm Square 9"" Brass",5725,
T 162A,"Shower Arm Round 24"" Brass",5190,
T 163A,"Shower Arm Round 18"" Brass",4065,
T 164A,"Shower Arm Round 15"" Brass",3630,
T 165A,"Shower Arm Round 12"" Brass",2995,
T 166A,"Shower Arm Round 9"" Brass",2535,
T 172,"Shower Arm Square 24"" (S.S.)",4195,
T 173,"Shower Arm Square 18"" (S.S)",3300,
T 173BL,"Shower Arm Square 18"" Black",4830,
T 173G,"Shower Arm Square 18"" Gold",5085,
T 173RG,"Shower Arm Square 18"" Rose Gold",5085,
T 174,"Shower Arm Square 15"" (S.S)",2665,
T 175,"Shower Arm Square 12"" (S.S)",2025,
T 176,"Shower Arm Square 9"" (S.S)",1770,
T 173A,Shower Arm Sq Angle  (S.S)                                                                                                                        Square S.S,65,
T 173B,"Shower Arm Rect. 18"" (S.S)                                                                                                                        Square S.S",155,
,"Shower Arm Round 24"" S.S.",0,
T 163S,"Shower Arm Round 18"" S.S. 28mm",3300,
T 164L,"Shower Arm Round 15""/16"" S.S.",805,
T 165L,"Shower Arm Round 12"" S.S.",700,
,"Shower Arm Round 9"" S.S.",0,
T 166SS,"Shower Arm Round 9"" (Economical)",1250,
T 167,Shower Arm Pulsify,4575,
T167BG,Shower Arm Pulsify Brush Gold,7380,
,,,
 HEALTH FAUCETS,,,
CAT No.,ITEM NAME,MRP,
HF 127,Health Faucet Brass Square With CP Tube & Hook,3555,
HF 128,Health Faucet Brass Sleek  With CP Tube & Hook,3045,
HF 129,Health Faucet Brass Cute With CP Tube & Hook,3300,
HF 130,Health Faucet Brass Heavy With CP Tube & Hook,3555,
HF 134,Health Faucet (BRASS) With CP Tube & Hook,3810,
HF 135,Health Faucet ABS Crome With CP Tube & Hook,2535,
HF 135H,Health Faucet ABS Crome Heavy With CP Tube & Hook,3045,
HF 136,Health Faucet ABS Round With CP Tube & Hook,3045,
HF 137,Health Faucet ABS Popular With CP Tube & Hook,2280,
HF 138,Health Faucet ABS Cute With CP Tube & Hook,2280,
HF 139,Health Faucet ABS Square With CP Tube & Hook,2280,
HF 140,Health Faucet ABS Grohe With CP Tube & Hook,2790,
HF 141,Health Faucet ABS Slider With CP Tube & Hook,3810,
HF 142,Health Faucet ABS Slider With CP Tube & Hook,3045,
HF 143,Health Faucet ABS Uplift With CP Tube & Hook,3810,
HF 144,Health Faucet Squarish ABS With CP Tube & Hook,2790,
HF 145,Health Faucet ABS American With CP Tube & Hook,2790,
HF 146,Health Faucet ABS Round With CP Tube & Hook,2790,
HF 147,Health Faucet ABS Moon With CP Tube & Hook,2790,
HF 148,Health Faucet ABS Grip With CP Tube & Hook,2790,
HF 149,Health Faucet ABS Bullet With CP Tube & Hook,2280,
HF 150,Health Faucet ABS Push With CP Tube & Hook,3045,
HF 151,Health Faucet ABS Dual Flow With CP Tube & Hook,3810,
HF 152,Health Faucet ABS Opal With CP Tube & Hook,2410,
HF 153,Health Faucet ABS Oval With CP Tube & Hook,2410,
HF 154B,Health Faucet ABS Kohler Black With CP Tube & Hook,3300,
HF 155,Health Faucet ABS Diamond Magnetic With CP Tube & Hook,5085,
HF 156,Health Faucet ABS Heavy With CP Tube & Hook,2790,
HF 157,Health Faucet ABS Saturn With CP Tube & Hook,2790,
HF 158,Health Faucet ABS Mic Squarish With CP Tube & Hook,2790,
HF 168,Health Faucet ABS Kohler Type With Spiral Tube & Hook,4065,
HF 169,Health Faucet ABS Grohe Type Black  With Spiral Tube & Hook,4065,
HF 170,Health Faucet ABS Puro Dual Flow With CP Tube & Hook,4320,
HF 171,Health Faucet ABS Elate With CP Tube & Hook,3300,
HF 171BK,Health Faucet ABS Elate With CP Tube & Hook Black,4320,
HF 171WT,Health Faucet ABS Elate With CP Tube & Hook White,4320,
HF 171RG,Health Faucet ABS Elate With CP Tube & Hook Gold/Rose Gold/Brush Gold,5085,
HF 172,Health Faucet ABS Pressmatic With CP Tube & Hook,3300,
,,,
,,,
DRAINER & HOOKS,,,
CAT No.,ITEM NAME,MRP,
DRAINERS,,,
T 363,"Round Drainer 3""",100,
T 364/364A,"Round Drainer 4""Plain/Cut",120,
T 365/365A,"Round Drainer 5"" Plain/Cut",155,
T 366/366A,"Round Drainer 5"" with Lock Plain/Cut",250,
T 366/366SA,"Round Drainer 5"" with Lock Plain/Cut Heavy",625,
T 372/ 372A,Square Drainer 5x5 Matt Round Trap Without Moulding Plain/Cut,700,
T 373/373A,Square Drainer 5x5 Round Trap Without Moulding Plain/Cut Lining,700,
T 376/ 376A,Square Drainer 5x5 Matt Round Trap Mosaic Plain/Cut,700,
T 378/ 378A,Square Drainer 5x5 Matt Round Trap Lining Plain/Cut,700,
T 379/379A,Square Drainer 5x5  Sq. Trap Without Moulding Plain/Cut Mosaic,765,
T 380/ 380A,Square Drainer 5x5 Matt Sq. Trap Without Moulding Plain/Cut,765,
T 381/T 381A,Square Drainer 5x5 Matt Sq. Trap Mosaic Plain/Cut,855,
T 382/T382A,Square Drainer 5x5 Matt  Sq. Trap Four Line Plain/Cut,855,
T 383/T383A,Square Drainer 5x5 Matt  Sq. Trap Three Line Plain/Cut,855,
T 386/T 386 A,Square Drainer 6x6  Mosaic Plain/Cut,1435,
T 387/T 387A,Square Drainer 6x6  Four Line Plain/Cut,1435,
T 393,Square Drainer 5x5 For Tile Fitting,3300,
T 394,Square Drainer 6x6 For Tile Fitting,3915,
T 394P,"Square Drainer 6""X6"" Pop Up",1620,
T 395,Shower Drainer 4x12 ,6720,
T 395 A,Shower Drainer 4x24  ,9780,
T 395 B,Shower Drainer 4x36  ,19570,
T 395 C,Shower Drainer 4x16,7945,
T 395 CC,Shower Drainer with Center Hole 4x16,7945,
T 396,Shower Drainer 4x12 for Tile Fitting,7635,
T 396 A,Shower Drainer 4x24 for Tile Fitting,10695,
T 396 B,Shower Drainer 4x36 for Tile Fitting,20490,
T 396 C,Shower Drainer 4x16 for Tile Fitting,8860,
T 9863,Square Drainer Brass 5x5 (Fish),3300,
T 9866,Square Drainer Brass 5x5 (Small flower),3300,
T 9885,Square Drainer Brass 5x5 (Star),3300,
T 9973,Square Drainer Brass 5x5 (Flower),3300,
T 366 B,"Round Drainer 5"" with Cockroach Trap",1005,
T 376 B,Square Drainer 5x5 Round with Cockroach Trap,1340,
T 381 B,Square Drainer 5x5 Square with Cockroach Trap,1465,
T 386 B,Square Drainer 6x6 with Cockroach Trap,2155,
T 9863 B,Square Drainer 5x5 (Brass) with Cockroach Trap,4015,
HOOKS,,,
HK 23,Hook Capsule 3 pin,1950,
HK 24,Hook Capsule 4 pin,2590,
HK 25,Hook Capsule 5 pin,3250,
HK 53,Hook Wave 3 pin,2435,
HK 54,Hook Wave 4 pin,3300,
HK 55,Hook Wave 5 pin,4170,
EXT NIPPLE & CONNECTIONS,,,
CAT No.,ITEM NAME,MRP,
EXTENSION NIPPLES,,,
T 105,"Extention Nipple 6""",1645,
T 106,"Extention Nipple 4""",1080,
T 107B,"Extention Nipple 3""",930,
T 107,Extension Nipple 2.5'',780,
T 107A,Extension Nipple 2'',630,
T 108,"Extention Nipple 1.5""",480,
T 109,"Extention Nipple 1""",330,
T 114,Hex Nipple,545,
T 107M,Extension Nipple 2.5'',725,
T 107AM,Extension Nipple 2'',550,
T 108M,"Extention Nipple 1.5""",440,
T 109M,"Extention Nipple 1""",280,
T 105SS,"Extention Nipple SS 6""",725,
T 106SS,"Extention Nipple SS 4""",520,
T 107BSS,"Extention Nipple SS 3""",340,
T 107SS,Extension Nipple SS 2.5'',280,
T 107ASS,Extension Nipple SS 2'',215,
T 108SS,"Extention Nipple SS 1.5""",155,
T 109SS,"Extention Nipple SS 1""",105,
,CONNECTION & WASTE PIPE,,
T 141 A,"C.P Connection Pipe 18""",420,
T 142 A,"C.P Connection Pipe 24""",470,
T 143 A,"C.P Connection Pipe 36""",575,
T 141 ,"C.P Connection Pipe 18"" Blue Packing",525,
T 142 ,"C.P Connection Pipe 24"" Blue Packing",600,
T 143 ,"C.P Connection Pipe 36"" Blue Packing",750,
T 144,"PVC Connection 18"" Heavy",395,
T 145,"PVC Connection 24"" Heavy",445,
T 146,"PVC Connection 36"" Heavy",575,
T 147,"PTMT Connection Pipe 18""",240,
T 148,"PTMT Connection Pipe 24""",295,
,"PTMT Connection Pipe 36""",345,
T 149,Waste pipe (Spring),100,
T 149 A,Waste pipe Heavy (Spring),230,
T 149 B,Waste pipe Plain,240,
T 149 C,Waste pipe Threaded,345,
T 149 T,Waste pipe Flexible Troika,260,
SENSOTRONIC SENSORS,,,
S 8804,Sensotronic Sensor Faucet Regular AC/DC,27015,
S 8903,Sensotronic Sensor Mixer Ion Type DC Only,47060,
S 8906,Sensotronic Sensor Mixer With Inbuilt Eye AC/DC,53920,
S 8909,Sensotronic Sensor Mixer Eureka Type AC/DC,50450,
ESSENTIALS & UTILITY,,,
CAT No.,ITEM NAME,MRP,
T 122,Rag Bolts For Wall Hanging,2255,
T 122A,Rag Bolts L-Key (Fisher Set),1825,
T 122B,Rag Bolts L-Key (Fisher Set Brass ),2435,
T 123,Rag Bolts For Wash Basin,205,
T 126,Urinal Spreader,1825,
T 1070,Cloth Liner,3125,
T 1071,Bottle Trap,6690,
T 1071A,Bottle Trap Light,3830,
T 1071B,"Bottle Trap With 12"" Pipe",0,
,Kitchen Sink Copuling Square,955,
,Pan Connector,0,
T 1072A,Jet Shower L Type R- Nozzle,1595,
T 1072B,Jet Shower L Type Multi,1415,
T 1072C,Jet Shower L Type Butterfly,1415,
T 1073A,Nozzle Cock,2510,
T 1073,Washing Mashine Tap ,3495,
T 1074R,Magnifying Glass Round,7000,
T 1074SQ,Magnifying Glass Square,8655,
T 1075,CP Tap Hole Cover,0,
T 1076,Bidet Spray Round Handle,8020,
T 1077,Bidet Spray Lever Handle,8020,
T 1081,Toilet Brush Holder With Glass,3175,
T 1083,Toilet Brush Holder With SS Cover,5215,
T 58,Toilet Paper  Holder With Mobile Stand,3175,
T 1080,Soap Dispenser,2080,
AL 203,CP Tube 1 Meter,1440,
AL 204,CP Tube 1.5 Meter,1770,
S 201,C/S/C Disc 22x1.5,830,
S 202,C/S/C Disc 28x1.5,1070,
S 203,Standard Disc 22x1.5,665,
S 204,Standard Disc 28x1.5,805,
S 206,Standard Disc 15mm,470,
S 206 I,Standard Disc 15mm Italian,610,
S 207,C/S/C Disc 15mm,740,
S 208,Braided Hose Set,1060,
S 208A,"Braided Hose Set Italian 18""",1340,
S 209,"Braided Hose Set SS 24""",1135,
S 209A,"Braided Hose Set Italian 24""",1390,
S 210,Wall Mixer Leg Set Only,1975,
S 211,Wall Mixer Leg Set With Flange,2535,
S 216/217,Crutch,0,
S 224,Foam Flow,115,
S 225,Permix Female / Male,305,
S 226,CP Nozzel for Bib Cock,280,
,,,
ESSENTIALS & UTILITY,,,
CAT No.,ITEM NAME,MRP,
S 252,Wall Flange Round Brass,195,
S 252C,Wall Flange Round chrome SS,80,
S 252F,Wall Flange Round Flat SS,76,
S 252MF,Wall Flange Round Mirror Finish SS,76,
S 252H,Wall Flange Round Chrome Heavy SS,115,
S 254 ,Wall Flange Square Brass,195,
S 254 H,Wall Flange Square Brass Heavy,0,
S 254 MF,Wall Flange Square Mirror Finish S.S,76,
,Pillar Cock Flange,165,
TT 01,Teflon Tape Shrink Pack 12mm,0,
TT 02,Teflon Tape High Density 12mm,56,
TT 05,Teflon Tape 20mm,85,
SOAP DISPENSOR,,,
T75C,SOAP DISEPSOR Peral,1495,
T76C,SOAP DISEPSOR Prayag,1495,
,SOAP DISEPSOR Viking,1595,
ANGLE COCK,,,
T 115,Universal Angle Cock,1645,
T 115 A,Universal Angle Cock (Round Handle),1845,
T 115 B,Universal Angle Cock Medium,1395,
T 115 S,Univeral Angle Cock Chrome,0,
T 115 OP,Universal Angle Cock Opal,1490,
T 115 VG,Univarsal angle Cock Vignette,1490,
T 115 AR,Universal Angle Cock Arya,1490,
T 115 ST,Universal Angle Cock Step,1490,
T 115 AL,Universal Angle Cock Alive,1490,
T 115 MR,Universal Angle Cock Mars,1490,
T 116,Angle Cock Half Turn,2480,
T 10015,Angle Cock,2585,
T 10016,Angle Cock,2585,
EKO 145,EKO Angle Cock Half Turn,2560,
BALL VALVES,,,
BV 15,Ball Valve Brass 1/2'',1330,
BV 20,Ball Valve Brass 3/4'',2035,
BV 25,"Ball Valve Brass 1""",3015,
BV 32,Ball Valve Brass 1.1/4'',4750,
BV 40,Ball Valve Brass 1.1/2'',6995,
BV 50,"Ball Valve Brass 2""",10925,
BV 15 H,Ball Valve Brass 1/2'' (Heavy),2230,
BV 20 H,Ball Valve Brass 3/4'' (Heavy),3070,
BV 25 H,"Ball Valve Brass 1"" (Heavy)",5035,
,Exposed Shower Pipe & Sliding Rail,,
,Exposed Shower Pipe For Wall Mixer,,
,Sliding Rail For Telephonic Shower,,
,,,
